Final_Rank,Model_Family,Model,Currencies,Average_Information_Coefficient,Average_Hit_Rate_Pct,Average_Sharpe_Ratio,Average_Maximum_Drawdown_Pct,Average_Adj_R2,Average_Rolling_RMSE,Average_Generalization_Gap,Average_Strategy_Total_Return_Pct,IC_Rank,Hit_Rank,Combined_Rank
1,Regularized,LassoCV,9,-0.0005410831909,49.6636835463902,0.0160244881678304,-17.817104195506783,0.3212505628873071,0.51181076577996,0.0367662731446992,1.4157744447665133,2.0,2.0,2.0
2,Baseline,OLS,9,-0.0034924891591046,49.6489227764866,0.0875036598344431,-15.680019377383202,0.3361914980332356,0.5052931346944531,0.0363819162236441,8.645595804078855,5.0,3.0,4.0
3,Stacked,StackedEnsemble,9,0.0019005511524345,49.05752494950516,0.0588218668664286,-18.59199053429898,0.5099390670509809,0.4349500877569717,0.1309246639732265,3.822833393568581,1.0,8.0,4.5
4,Regularized,ElasticNetCV,9,-0.0029533667785717,49.3391652330782,0.0493115943416089,-16.93956093329302,0.3205660649321602,0.5120402909967,0.0353198096562019,3.494224275268982,4.0,6.0,5.0
5,RL,PolicyAgent,9,,50.51775850604531,0.4047815555165893,-11.586743957711118,,,,38.134068059102276,9.0,1.0,5.0
6,GBM,LGBMRegressor,9,-0.011107898560635,49.60784005677822,0.0599822078172544,-17.41157139628571,0.3916805599315444,0.4830104010681776,0.0856985187543564,6.813028882097161,7.0,4.0,5.5
7,Regularized,SGDRegressor,9,-0.0016457958316703,49.051905159459054,0.024947647717234,-18.021968212408456,0.3284114134957678,0.5094632351499376,0.0361949967506074,1.4944586797762502,3.0,9.0,6.0
8,Regularized,RidgeCV,9,-0.0036397011728963,49.31684642332347,0.0282351487672278,-16.832470211669833,0.3297433845436548,0.5088885300378985,0.0367298424194341,1.4057613723723286,6.0,7.0,6.5
9,GBM,XGBRegressor,9,-0.0124518867584956,49.558086356930325,0.0928023044591197,-17.398916442031002,0.4296335384854812,0.4659432608820367,0.102041977387532,8.138584012864492,8.0,5.0,6.5
